银行代码,银行名称,报告期,净利润,净利润同比增长率,扣非净利润,扣非净利润同比增长率,营业总收入,营业总收入同比增长率,基本每股收益,每股净资产,每股资本公积金,每股未分配利润,每股经营现金流,销售净利率,净资产收益率,净资产收益率-摊薄,流动比率,速动比率,保守速动比率,产权比率,资产负债率
600000,浦发银行,1996-12-31,6.29亿,False,False,False,42.16亿,False,False,1.58,0.02,0.24,False,14.92%,False,39.82%,1.16,1.16,0.16,40.18,97.57%
600000,浦发银行,1997-12-31,6.45亿,2.53%,False,False,53.28亿,26.37%,False,1.58,0.17,0.17,False,12.11%,False,20.34%,1.20,1.19,0.06,24.74,96.12%
600000,浦发银行,1998-12-31,7.81亿,21.02%,False,False,47.93亿,-10.04%,False,1.66,0.17,False,0.51,17.93%,False,25.78%,1.22,1.21,0.08,25.20,96.18%
600000,浦发银行,1999-06-30,5.06亿,False,False,False,19.68亿,False,False,1.91,0.17,0.25,False,25.70%,False,13.18%,1.32,1.29,0.14,21.71,95.60%
600000,浦发银行,1999-12-31,7.29亿,-6.59%,9.14亿,False,49.46亿,-16.93%,0.4390,3.23,1.61,0.02,0.40,23.27%,False,11.92%,1.21,1.18,0.13,12.22,92.06%
600000,浦发银行,2000-06-30,5.01亿,-0.99%,5.30亿,False,26.62亿,9.79%,False,3.45,1.61,0.24,0.30,24.54%,False,6.38%,1.17,1.16,0.08,12.65,92.68%
600000,浦发银行,2000-12-31,7.97亿,9.31%,9.58亿,4.72%,57.10亿,15.45%,False,3.09,1.61,0.21,0.70,16.77%,13.75%,12.87%,1.19,1.17,0.08,16.56,94.30%
600000,浦发银行,2001-06-30,5.35亿,6.77%,5.34亿,0.68%,27.94亿,21.50%,0.2220,3.29,1.61,0.41,0.38,16.54%,6.98%,6.74%,1.19,1.16,0.09,17.99,94.73%
600000,浦发银行,2001-09-30,8.22亿,False,8.25亿,False,43.77亿,False,False,3.41,1.61,0.53,False,16.12%,False,10.00%,1.20,1.15,0.09,18.80,94.95%
600000,浦发银行,2001-12-31,10.62亿,33.23%,10.68亿,11.56%,60.93亿,25.83%,0.4410,2.93,1.61,0.0100,0.78,14.78%,15.13%,15.03%,1.19,1.14,0.07,23.58,95.93%
600000,浦发银行,2002-03-31,2.66亿,False,False,False,15.53亿,False,False,3.04,1.61,0.12,False,14.58%,False,3.64%,1.14,1.11,0.08,23.16,95.86%
600000,浦发银行,2002-06-30,5.41亿,1.22%,5.40亿,1.21%,35.50亿,27.05%,0.2250,3.16,1.61,0.24,0.49,15.25%,7.38%,7.12%,1.13,1.10,0.06,26.48,96.36%
600000,浦发银行,2002-09-30,8.55亿,3.98%,8.57亿,3.90%,56.84亿,29.86%,False,2.19,0.74,0.24,False,15.04%,False,10.79%,1.15,1.12,0.06,29.71,96.74%
600000,浦发银行,2002-12-31,12.85亿,21.04%,12.80亿,19.85%,81.56亿,33.87%,0.3560,2.20,0.74,0.0100,0.86,15.76%,16.67%,16.15%,1.17,1.14,0.06,34.09,97.15%
600000,浦发银行,2003-03-31,3.16亿,18.77%,False,False,24.35亿,56.83%,False,2.75,1.24,0.09,0.14,12.96%,False,2.93%,1.17,1.14,0.07,24.99,96.15%
600000,浦发银行,2003-06-30,6.57亿,21.31%,6.64亿,22.81%,53.91亿,51.87%,0.1700,2.84,1.24,0.18,0.39,12.18%,6.34%,5.92%,1.12,1.10,0.06,29.87,96.76%
600000,浦发银行,2003-09-30,10.82亿,26.60%,False,False,85.00亿,49.56%,False,2.94,1.24,0.29,0.77,12.73%,False,9.39%,1.14,1.12,0.07,30.34,96.81%
600000,浦发银行,2003-12-31,15.66亿,21.85%,15.36亿,19.95%,120.27亿,47.46%,0.4030,3.07,1.24,0.12,1.02,13.02%,13.96%,13.04%,1.15,1.12,0.05,29.89,96.76%
600000,浦发银行,2004-03-31,4.16亿,31.68%,4.17亿,False,37.29亿,53.11%,False,3.06,1.24,0.12,0.31,11.15%,False,3.46%,1.16,1.14,0.04,31.67,96.94%
600000,浦发银行,2004-06-30,8.73亿,32.98%,8.37亿,26.13%,78.23亿,45.12%,0.2230,3.18,1.24,0.24,2.10,11.17%,7.14%,7.01%,1.21,1.18,0.04,32.23,96.99%
600000,浦发银行,2004-09-30,13.84亿,27.87%,13.21亿,False,121.23亿,42.61%,False,3.31,1.24,0.37,1.00,11.41%,False,10.67%,1.19,1.15,0.07,31.68,96.94%
600000,浦发银行,2004-12-31,19.30亿,23.24%,18.94亿,23.35%,167.61亿,39.36%,0.4900,3.45,1.24,0.14,1.26,11.52%,15.17%,14.29%,1.16,1.13,0.04,32.72,97.03%
600000,浦发银行,2005-03-31,5.14亿,23.61%,5.13亿,23.13%,49.94亿,34.50%,False,3.58,1.24,0.27,0.26,10.24%,False,3.66%,1.15,1.12,0.09,31.61,96.93%
600000,浦发银行,2005-06-30,12.22亿,39.94%,11.02亿,31.65%,70.90亿,31.71%,0.2820,3.61,1.24,0.30,0.79,10.70%,7.93%,7.80%,1.18,1.16,0.10,33.82,97.13%
600000,浦发银行,2005-09-30,18.76亿,35.56%,17.68亿,33.83%,108.20亿,29.12%,False,3.78,1.24,0.47,0.98,11.32%,False,11.96%,1.23,1.21,0.10,34.07,97.15%
600000,浦发银行,2005-12-31,25.58亿,32.54%,24.71亿,30.46%,145.46亿,28.08%,0.6350,3.97,1.24,0.13,1.47,11.58%,17.21%,16.01%,False,False,False,35.91,97.29%
600000,浦发银行,2006-03-31,7.32亿,42.49%,False,False,40.80亿,21.72%,False,4.01,1.24,0.17,0.47,10.90%,False,4.23%,1.21,1.19,0.20,37.23,97.38%
600000,浦发银行,2006-06-30,16.04亿,31.19%,15.76亿,43.02%,86.15亿,21.44%,0.4100,4.36,1.31,0.45,-2.26,18.57%,9.63%,9.37%,False,False,False,35.93,97.29%
600000,浦发银行,2006-09-30,24.60亿,31.18%,24.28亿,37.26%,135.50亿,24.20%,0.5700,4.57,1.30,0.67,1.70,18.26%,False,13.71%,False,False,False,34.66,97.20%
600000,浦发银行,2006-12-31,33.56亿,31.19%,33.09亿,33.89%,189.30亿,29.96%,0.8500,5.67,2.43,0.24,4.87,17.74%,19.37%,13.57%,False,False,False,26.90,96.42%
600000,浦发银行,2007-03-31,9.81亿,34.03%,False,False,52.88亿,29.55%,0.2300,5.90,2.43,0.46,0.61,18.51%,False,3.81%,False,False,False,26.41,96.35%
600000,浦发银行,2007-06-30,25.54亿,59.26%,33.94亿,115.34%,116.13亿,34.80%,0.4500,6.00,2.31,0.68,6.25,21.99%,9.86%,9.78%,False,False,False,28.48,96.61%
600000,浦发银行,2007-09-30,39.23亿,59.45%,47.49亿,95.64%,183.10亿,35.13%,0.6900,6.29,2.29,0.99,12.16,21.43%,False,14.31%,False,False,False,29.81,96.75%
600000,浦发银行,2007-12-31,54.99亿,63.85%,65.55亿,98.10%,258.76亿,36.70%,0.9700,6.50,2.14,0.60,12.73,21.25%,20.10%,19.43%,False,False,False,31.33,96.91%
600000,浦发银行,2008-03-31,28.12亿,186.55%,28.16亿,False,80.38亿,52.00%,0.4970,7.21,2.37,1.09,-1.09,34.98%,False,8.95%,False,False,False,29.24,96.69%
600000,浦发银行,2008-06-30,63.75亿,149.62%,63.78亿,87.93%,167.06亿,43.86%,0.8040,6.11,1.75,1.24,3.86,38.16%,20.40%,18.42%,False,False,False,27.97,96.55%
600000,浦发银行,2008-09-30,98.44亿,150.92%,98.46亿,107.33%,257.07亿,40.40%,1.2420,6.73,1.76,1.85,10.94,38.29%,0.0000%,25.84%,False,False,False,28.28,96.58%
600000,浦发银行,2008-12-31,125.16亿,127.61%,121.36亿,85.15%,345.61亿,33.56%,1.5800,7.36,1.92,2.10,18.64,36.21%,36.71%,30.03%,False,False,False,30.42,96.82%
600000,浦发银行,2009-03-31,29.60亿,5.29%,29.56亿,5.00%,79.02亿,-1.69%,0.3740,7.95,1.98,2.62,5.92,37.46%,0.0000%,6.58%,False,False,False,32.34,97.00%
600000,浦发银行,2009-06-30,67.81亿,6.37%,67.71亿,6.17%,166.77亿,-0.17%,0.6580,5.91,1.33,1.53,0.85,40.66%,15.10%,14.49%,False,False,False,33.60,97.11%
600000,浦发银行,2009-09-30,102.90亿,4.53%,102.95亿,4.55%,263.42亿,2.47%,0.9990,8.20,2.75,1.77,5.14,39.07%,0.0000%,15.82%,False,False,False,23.41,95.90%
600000,浦发银行,2009-12-31,132.17亿,5.60%,131.26亿,8.16%,368.24亿,6.55%,1.2500,7.70,2.75,1.95,11.72,35.89%,25.86%,19.45%,False,False,False,22.88,95.80%
600000,浦发银行,2010-03-31,41.06亿,38.70%,41.04亿,38.81%,107.24亿,35.71%,0.3580,8.18,2.77,2.41,-8.43,38.28%,False,5.69%,False,False,False,22.01,95.65%
600000,浦发银行,2010-06-30,90.81亿,33.92%,89.51亿,32.19%,227.51亿,36.42%,0.6100,6.61,2.13,1.49,-2.42,39.92%,12.51%,11.97%,False,False,False,22.47,95.73%
600000,浦发银行,2010-09-30,148.37亿,44.19%,150.03亿,45.74%,358.92亿,36.25%,0.9940,7.11,2.13,1.99,-1.76,41.36%,False,18.18%,False,False,False,23.21,95.86%
600000,浦发银行,2010-12-31,191.77亿,45.10%,189.93亿,44.70%,498.56亿,35.39%,1.2300,8.57,4.09,1.76,-0.38,38.47%,23.27%,15.59%,False,False,False,16.81,94.37%
600000,浦发银行,2011-03-31,60.59亿,47.56%,60.62亿,47.71%,151.96亿,41.70%,0.3250,9.00,4.09,2.18,2.80,39.97%,False,4.69%,False,False,False,16.59,94.30%
600000,浦发银行,2011-06-30,128.80亿,41.83%,127.84亿,42.83%,318.65亿,40.06%,0.6900,7.14,3.12,0.99,0.52,40.52%,9.96%,9.67%,False,False,False,17.43,94.56%
600000,浦发银行,2011-09-30,199.10亿,34.19%,197.95亿,31.94%,493.07亿,37.38%,1.0670,7.48,3.09,1.37,2.18,40.50%,False,14.27%,False,False,False,17.06,94.45%
600000,浦发银行,2011-12-31,272.86亿,42.28%,270.51亿,42.42%,679.18亿,36.23%,1.4630,7.98,3.19,1.62,10.65,40.28%,20.07%,18.33%,False,False,False,17.03,94.43%
600000,浦发银行,2012-03-31,78.94亿,30.29%,78.85亿,30.08%,199.09亿,31.01%,0.4230,8.42,3.21,2.04,4.12,39.84%,5.16%,5.03%,False,False,False,16.85,94.38%
600000,浦发银行,2012-06-30,171.93亿,33.49%,170.21亿,33.14%,400.02亿,25.54%,0.9220,8.69,3.27,1.72,1.13,43.16%,10.86%,10.61%,False,False,False,17.73,94.60%
600000,浦发银行,2012-09-30,261.26亿,31.22%,258.60亿,30.64%,608.30亿,23.37%,1.4010,9.10,3.21,2.19,1.70,43.14%,16.31%,15.40%,False,False,False,17.51,94.54%
600000,浦发银行,2012-12-31,341.86亿,25.29%,337.48亿,24.76%,829.52亿,22.14%,1.8330,9.52,3.19,2.63,4.96,41.36%,20.95%,19.26%,False,False,False,16.71,94.29%
600000,浦发银行,2013-03-31,89.03亿,12.78%,88.66亿,12.44%,220.11亿,10.56%,0.4770,10.02,3.22,3.10,5.38,40.67%,4.89%,4.76%,False,False,False,17.23,94.45%
600000,浦发银行,2013-06-30,193.86亿,12.76%,192.63亿,13.17%,465.18亿,16.29%,1.0390,10.01,3.20,2.22,13.48,41.92%,10.45%,10.38%,False,False,False,17.56,94.55%
600000,浦发银行,2013-09-30,298.18亿,14.13%,295.62亿,14.31%,724.77亿,19.15%,1.5990,10.49,3.12,2.78,14.61,41.40%,15.93%,15.23%,False,False,False,17.35,94.48%
600000,浦发银行,2013-12-31,409.22亿,19.70%,403.97亿,19.70%,1000.15亿,20.57%,2.1940,10.96,2.99,3.38,16.53,41.19%,21.53%,20.02%,False,False,False,16.99,94.37%
600000,浦发银行,2014-03-31,107.10亿,20.30%,106.07亿,19.64%,276.02亿,25.40%,0.5740,11.62,3.08,3.95,-4.27,39.16%,5.09%,4.94%,False,False,False,16.25,94.13%
600000,浦发银行,2014-06-30,226.56亿,16.87%,224.62亿,16.61%,590.43亿,26.93%,1.2150,11.70,3.18,2.89,-1.63,38.73%,10.52%,10.38%,False,False,False,16.99,94.37%
600000,浦发银行,2014-09-30,347.99亿,16.70%,345.42亿,16.85%,897.73亿,23.86%,1.8660,12.40,3.25,3.54,2.68,39.17%,15.92%,15.04%,False,False,False,16.09,94.07%
600000,浦发银行,2014-12-31,470.26亿,14.92%,466.50亿,15.48%,1231.81亿,23.16%,2.5210,13.15,3.25,4.19,10.25,38.45%,21.02%,19.18%,False,False,False,15.12,93.73%
600000,浦发银行,2015-03-31,111.94亿,4.52%,110.71亿,4.37%,329.91亿,19.52%,0.6000,13.70,3.25,4.79,-4.36,34.28%,4.47%,4.38%,False,False,False,13.89,93.22%
600000,浦发银行,2015-06-30,239.03亿,5.50%,234.66亿,4.47%,707.01亿,19.74%,1.1650,13.71,3.25,3.48,11.30,34.12%,9.37%,9.35%,False,False,False,15.10,93.72%
600000,浦发银行,2015-09-30,371.62亿,6.79%,364.02亿,5.38%,1086.32亿,21.01%,1.8110,14.49,3.25,4.19,15.80,34.50%,14.37%,13.75%,False,False,False,15.05,93.70%
600000,浦发银行,2015-12-31,506.04亿,7.61%,495.61亿,6.24%,1465.50亿,18.97%,2.4220,15.29,3.25,4.86,19.24,34.80%,18.82%,17.42%,False,False,False,14.99,93.68%
600000,浦发银行,2016-03-31,139.22亿,24.37%,136.82亿,23.58%,421.91亿,27.89%,0.6300,15.96,3.90,5.28,-5.17,33.27%,4.50%,4.18%,False,False,False,14.20,93.34%
600000,浦发银行,2016-06-30,267.70亿,11.99%,262.03亿,11.66%,821.72亿,16.22%,0.9500,14.60,3.45,3.33,-6.20,32.91%,8.59%,8.22%,False,False,False,14.54,93.48%
600000,浦发银行,2016-09-30,406.82亿,9.47%,397.11亿,9.09%,1209.28亿,11.32%,1.4400,15.26,3.45,3.97,-6.93,34.02%,12.86%,12.08%,False,False,False,14.45,93.45%
600000,浦发银行,2016-12-31,530.99亿,4.93%,516.87亿,4.29%,1607.79亿,9.72%,1.8500,15.64,3.45,4.50,-8.88,33.38%,16.35%,15.20%,False,False,False,14.91,93.63%
600000,浦发银行,2017-03-31,144.62亿,3.88%,140.06亿,2.37%,429.45亿,0.40%,0.4900,16.20,3.45,5.13,-9.30,34.58%,3.96%,3.89%,False,False,False,14.48,93.46%
600000,浦发银行,2017-06-30,281.65亿,5.21%,276.18亿,5.40%,840.45亿,1.44%,0.9700,12.70,2.43,3.37,-9.11,34.22%,7.85%,7.66%,False,False,False,14.27,93.37%
600000,浦发银行,2017-09-30,418.92亿,2.97%,413.05亿,4.01%,1254.71亿,3.18%,1.4500,13.20,2.79,3.69,-3.35,33.98%,11.51%,10.60%,False,False,False,13.52,93.03%
600000,浦发银行,2017-12-31,542.58亿,2.18%,540.46亿,4.56%,1686.19亿,4.88%,1.8400,13.47,2.79,4.08,-4.79,32.62%,14.45%,13.28%,False,False,False,13.41,92.98%
600000,浦发银行,2018-03-31,143.05亿,-1.09%,142.66亿,1.86%,394.31亿,-7.72%,0.4600,13.57,2.79,4.03,-1.66,36.49%,3.45%,3.38%,False,False,False,13.31,92.91%
600000,浦发银行,2018-06-30,285.69亿,1.43%,284.32亿,2.95%,820.23亿,-2.13%,0.9500,14.00,2.79,3.88,-4.02,35.13%,6.97%,6.75%,False,False,False,12.80,92.66%
600000,浦发银行,2018-09-30,432.07亿,3.14%,430.34亿,4.19%,1268.50亿,1.31%,1.4400,14.49,2.79,4.38,-12.34,34.35%,10.48%,9.96%,False,False,False,12.36,92.41%
600000,浦发银行,2018-12-31,559.14亿,3.05%,556.43亿,2.95%,1708.65亿,1.73%,1.8500,15.05,2.79,4.78,-11.53,32.95%,13.14%,12.27%,False,False,False,12.32,92.39%
600000,浦发银行,2019-03-31,164.59亿,15.06%,164.37亿,15.22%,500.84亿,27.02%,0.5300,15.63,2.79,5.31,6.32,33.19%,3.47%,3.37%,False,False,False,12.39,92.43%
600000,浦发银行,2019-06-30,321.06亿,12.38%,320.36亿,12.68%,975.99亿,18.99%,1.0700,15.77,2.79,4.94,0.30,33.21%,6.89%,6.76%,False,False,False,12.50,92.50%
600000,浦发银行,2019-09-30,483.50亿,11.90%,471.14亿,9.48%,1463.86亿,15.40%,1.6200,16.36,2.79,5.49,-2.30,33.38%,10.32%,8.95%,False,False,False,11.56,91.94%
600000,浦发银行,2019-12-31,589.11亿,5.36%,575.54亿,3.43%,1906.88亿,11.60%,1.9500,16.83,2.79,5.82,-2.34,31.21%,12.29%,11.58%,False,False,False,11.64,91.99%
600000,浦发银行,2020-03-31,173.61亿,5.48%,172.96亿,5.23%,554.24亿,10.66%,0.5600,17.56,2.79,6.38,3.15,31.63%,3.28%,3.02%,False,False,False,11.67,92.02%
600000,浦发银行,2020-06-30,289.55亿,-9.81%,287.97亿,-10.11%,1014.07亿,3.90%,0.9600,17.20,2.79,5.49,4.20,28.85%,5.53%,5.57%,False,False,False,12.30,92.39%
600000,浦发银行,2020-09-30,447.42亿,-7.46%,445.50亿,-5.44%,1487.31亿,1.60%,1.4500,17.48,2.79,5.98,7.16,30.38%,8.39%,8.28%,False,False,False,12.38,92.44%
600000,浦发银行,2020-12-31,583.25亿,-0.99%,579.10亿,0.62%,1963.84亿,2.99%,1.8800,18.00,2.79,6.41,4.31,30.04%,10.81%,10.46%,False,False,False,11.45,91.88%
600000,浦发银行,2021-03-31,186.97亿,7.70%,186.28亿,7.70%,495.22亿,-10.65%,0.6100,18.59,2.79,7.00,-4.42,38.08%,3.35%,2.85%,False,False,False,11.29,91.78%
600000,浦发银行,2021-06-30,298.38亿,3.05%,297.29亿,3.24%,973.65亿,-3.99%,0.9900,18.49,2.79,5.95,-7.25,31.02%,5.36%,5.37%,False,False,False,11.44,91.87%
600000,浦发银行,2021-09-30,415.36亿,-7.17%,412.64亿,-7.38%,1434.84亿,-3.53%,1.3400,18.83,2.79,6.30,-5.75,29.36%,7.25%,7.13%,False,False,False,11.16,91.68%
600000,浦发银行,2021-12-31,530.03亿,-9.12%,525.50亿,-9.26%,1909.82亿,-2.75%,1.6200,19.08,2.79,6.58,-8.76,28.15%,8.75%,8.51%,False,False,False,11.13,91.66%
600000,浦发银行,2022-03-31,193.88亿,3.70%,192.56亿,3.37%,500.02亿,0.97%,0.6400,19.67,2.79,7.21,-9.36,39.19%,3.28%,2.82%,False,False,False,11.24,91.74%
600000,浦发银行,2022-06-30,301.74亿,1.13%,298.62亿,0.45%,986.44亿,1.31%,1.0000,19.60,2.79,6.50,2.22,31.02%,5.13%,5.12%,False,False,False,11.40,91.84%
600000,浦发银行,2022-09-30,404.62亿,-2.59%,401.17亿,-2.78%,1436.80亿,0.14%,1.3100,19.83,2.79,6.75,-0.80,28.62%,6.69%,5.85%,False,False,False,11.16,91.68%
600000,浦发银行,2022-12-31,511.71亿,-3.46%,508.10亿,-3.31%,1886.22亿,-1.24%,1.5600,20.03,2.79,6.92,12.44,27.57%,7.98%,7.79%,False,False,False,11.46,91.88%
600000,浦发银行,2023-03-31,158.31亿,-18.35%,131.84亿,-31.53%,480.79亿,-3.85%,0.5100,20.58,2.79,7.47,3.52,33.59%,2.54%,2.50%,False,False,False,11.40,91.86%
600000,浦发银行,2023-06-30,231.38亿,-23.32%,203.84亿,-31.74%,912.30亿,-7.52%,0.7600,20.55,2.79,6.80,1.65,25.89%,3.73%,3.72%,False,False,False,11.52,91.93%
600000,浦发银行,2023-09-30,279.86亿,-30.83%,251.99亿,-37.19%,1328.15亿,-7.56%,0.8800,20.64,2.79,6.91,3.70,21.53%,4.32%,3.91%,False,False,False,11.30,91.78%
600000,浦发银行,2023-12-31,367.02亿,-28.28%,338.82亿,-33.32%,1734.34亿,-8.05%,1.0700,20.95,2.79,7.10,13.23,21.58%,5.21%,5.10%,False,False,False,11.42,91.86%
600000,浦发银行,2024-03-31,174.21亿,10.04%,172.14亿,30.57%,453.28亿,-5.72%,0.5700,21.57,2.79,7.67,-15.42,38.96%,2.68%,2.64%,False,False,False,11.17,91.70%
600000,浦发银行,2024-06-30,269.88亿,16.64%,268.06亿,31.51%,882.48亿,-3.27%,0.8900,21.65,2.79,7.40,-13.04,30.96%,4.17%,4.13%,False,False,False,11.40,91.85%
600000,浦发银行,2024-09-30,352.23亿,25.86%,339.61亿,34.77%,1298.39亿,-2.24%,1.1300,21.90,2.79,7.62,-5.50,27.49%,5.25%,4.87%,False,False,False,12.02,92.24%
600000,浦发银行,2024-12-31,452.57亿,23.31%,442.07亿,30.47%,1707.48亿,-1.55%,1.3600,22.36,2.79,7.85,-11.37,26.84%,6.28%,6.08%,False,False,False,11.84,92.13%
600000,浦发银行,2025-03-31,175.98亿,1.02%,175.81亿,2.13%,459.22亿,1.31%,0.5700,22.73,2.79,8.42,-6.88,38.71%,2.55%,2.36%,False,False,False,11.77,92.09%
600000,浦发银行,2025-06-30,297.37亿,10.19%,299.84亿,11.86%,905.59亿,2.62%,0.9900,22.57,3.12,7.73,0.70,33.01%,4.33%,4.25%,False,False,False,11.16,91.69%
600000,浦发银行,2025-09-30,388.19亿,10.21%,389.00亿,14.54%,1322.80亿,1.88%,1.2800,22.40,3.48,7.75,5.28,29.61%,5.67%,4.66%,False,False,False,10.88,91.50%
600000,浦发银行,2025-12-31,500.17亿,10.52%,501.44亿,13.43%,1739.64亿,1.88%,1.5200,22.13,4.04,7.54,11.28,28.97%,6.76%,6.28%,False,False,False,11.33,91.82%
600000,浦发银行,2026-03-31,178.61亿,1.49%,179.03亿,1.83%,465.73亿,1.42%,0.5200,22.63,4.04,8.05,2.75,39.01%,2.32%,2.29%,False,False,False,11.35,91.84%
