银行代码,银行名称,报告期,净利润,净利润同比增长率,扣非净利润,扣非净利润同比增长率,营业总收入,营业总收入同比增长率,基本每股收益,每股净资产,每股资本公积金,每股未分配利润,每股经营现金流,销售净利率,净资产收益率,净资产收益率-摊薄,营业周期,应收账款周转天数,流动比率,速动比率,保守速动比率,产权比率,资产负债率
601328,交通银行,2001-12-31,19.09亿,False,False,False,282.32亿,False,False,False,0.33,0.12,False,6.76%,False,False,49.28,49.28,0.77,0.74,0.05,19.40,95.10%
601328,交通银行,2002-12-31,49.36亿,158.60%,False,False,273.11亿,-3.26%,False,False,0.33,-1.35,False,18.07%,False,False,False,False,0.71,0.69,0.04,83.64,98.82%
601328,交通银行,2003-12-31,43.12亿,-12.64%,False,False,323.85亿,18.58%,False,False,0.69,-1.16,False,13.31%,False,False,False,False,0.71,0.70,0.06,50.60,98.06%
601328,交通银行,2004-12-31,11.98亿,-72.22%,64.39亿,False,288.33亿,-10.97%,0.0500,1.32,0.32,0.0053,1.39,4.16%,4.00%,2.00%,False,False,False,False,False,21.10,95.48%
601328,交通银行,2005-12-31,95.09亿,693.74%,92.59亿,43.80%,350.90亿,21.70%,0.2300,1.79,0.58,0.19,1.24,27.10%,15.00%,12.00%,False,False,False,False,False,16.35,94.24%
601328,交通银行,2006-03-31,29.01亿,False,False,False,96.47亿,False,0.0600,False,False,False,False,30.07%,False,False,False,False,False,False,False,False,False
601328,交通银行,2006-06-30,64.89亿,False,False,False,202.64亿,False,0.1400,False,False,False,False,32.03%,False,False,False,False,False,False,False,False,False
601328,交通银行,2006-09-30,94.61亿,False,False,False,315.93亿,False,0.2100,False,False,False,False,29.96%,False,False,False,False,False,False,False,False,False
601328,交通银行,2006-12-31,125.45亿,31.93%,123.74亿,33.64%,434.59亿,23.18%,0.2700,1.93,0.53,0.26,3.56,29.31%,14.00%,14.00%,False,False,False,False,False,18.37,94.84%
601328,交通银行,2007-03-31,39.36亿,35.68%,False,False,127.14亿,32.64%,0.0900,2.06,0.47,0.36,1.11,29.87%,False,4.02%,False,False,False,False,False,18.23,94.79%
601328,交通银行,2007-06-30,89.18亿,37.43%,88.04亿,False,272.08亿,34.27%,0.1900,2.47,0.93,0.42,-0.18,33.01%,8.74%,7.37%,False,False,False,False,False,16.62,94.32%
601328,交通银行,2007-09-30,147.86亿,56.28%,144.35亿,False,435.68亿,37.90%,0.3100,2.49,0.93,0.30,2.62,34.12%,False,12.10%,False,False,False,False,False,17.16,94.48%
601328,交通银行,2007-12-31,205.13亿,63.52%,204.20亿,65.02%,623.22亿,43.40%,0.4300,2.62,0.94,0.38,0.43,33.12%,17.17%,15.98%,False,False,False,False,False,15.38,93.88%
601328,交通银行,2008-03-31,78.83亿,100.28%,78.95亿,False,180.23亿,41.76%,0.1600,2.76,0.92,0.54,0.46,43.86%,5.96%,5.83%,False,False,False,False,False,15.71,94.00%
601328,交通银行,2008-06-30,155.34亿,74.19%,155.49亿,76.61%,376.39亿,38.34%,0.3200,2.75,0.91,0.33,1.06,41.43%,11.13%,11.51%,False,False,False,False,False,16.98,94.42%
601328,交通银行,2008-09-30,227.89亿,54.13%,227.60亿,57.67%,574.09亿,31.77%,0.4700,2.81,0.92,0.38,1.87,39.85%,15.86%,16.58%,False,False,False,False,False,17.12,94.47%
601328,交通银行,2008-12-31,284.23亿,38.56%,283.96亿,39.06%,766.60亿,23.01%,0.5800,2.96,0.96,0.44,3.95,37.20%,20.86%,19.57%,False,False,False,False,False,17.44,94.56%
601328,交通银行,2009-03-31,79.46亿,0.80%,79.52亿,0.72%,178.65亿,-0.88%,0.1600,3.11,0.94,0.60,-0.11,44.60%,5.34%,5.22%,False,False,False,False,False,18.93,94.97%
601328,交通银行,2009-06-30,155.79亿,0.29%,155.50亿,0.0064%,368.13亿,-2.19%,0.3000,3.17,0.95,0.40,2.04,42.47%,10.27%,10.02%,False,False,False,False,False,20.19,95.27%
601328,交通银行,2009-09-30,229.70亿,0.79%,229.80亿,0.97%,574.39亿,0.05%,0.4500,3.20,0.93,0.45,1.75,40.17%,14.96%,14.64%,False,False,False,False,False,20.04,95.23%
601328,交通银行,2009-12-31,300.75亿,5.81%,298.69亿,5.19%,809.37亿,5.58%,0.5900,3.34,0.93,0.53,1.51,37.33%,19.26%,18.36%,False,False,False,False,False,19.19,95.03%
601328,交通银行,2010-03-31,104.51亿,31.53%,104.22亿,31.06%,239.36亿,33.98%,0.2000,3.57,0.94,0.74,-1.07,43.83%,6.18%,5.98%,False,False,False,False,False,19.22,95.03%
601328,交通银行,2010-06-30,203.57亿,30.67%,203.11亿,30.62%,493.98亿,34.19%,0.3600,3.72,1.11,0.39,-0.44,41.35%,11.75%,10.37%,False,False,False,False,False,17.89,94.69%
601328,交通银行,2010-09-30,295.37亿,28.59%,294.12亿,27.99%,759.69亿,32.26%,0.5100,3.82,1.26,0.43,-1.03,39.01%,15.92%,13.73%,False,False,False,False,False,16.67,94.32%
601328,交通银行,2010-12-31,390.42亿,29.82%,388.26亿,29.99%,1042.34亿,28.78%,0.6600,3.96,1.22,0.53,-0.43,37.58%,20.08%,17.53%,False,False,False,False,False,16.73,94.34%
601328,交通银行,2011-03-31,132.80亿,27.07%,131.83亿,26.49%,302.39亿,26.33%,0.2100,4.20,1.23,0.77,-0.43,44.02%,5.79%,5.62%,False,False,False,False,False,16.47,94.26%
601328,交通银行,2011-06-30,263.96亿,29.67%,262.21亿,29.10%,619.37亿,25.38%,0.4300,4.40,1.22,0.59,0.19,42.70%,11.19%,10.66%,False,False,False,False,False,16.56,94.29%
601328,交通银行,2011-09-30,384.16亿,30.06%,381.13亿,29.58%,941.95亿,23.99%,0.6200,4.16,1.08,0.64,0.28,40.87%,15.90%,14.90%,False,False,False,False,False,15.92,94.07%
601328,交通银行,2011-12-31,507.35亿,29.95%,502.16亿,29.34%,1269.56亿,21.80%,0.8200,4.39,1.11,0.76,-0.02,40.03%,20.49%,18.67%,False,False,False,False,False,15.96,94.08%
601328,交通银行,2012-03-31,158.77亿,19.56%,158.74亿,20.41%,365.15亿,20.75%,0.2600,4.65,1.12,1.01,0.71,43.57%,5.68%,5.51%,False,False,False,False,False,15.95,94.08%
601328,交通银行,2012-06-30,310.89亿,17.78%,308.74亿,17.75%,736.42亿,18.90%,0.5000,4.82,1.13,0.92,3.17,42.29%,10.82%,10.43%,False,False,False,False,False,16.28,94.20%
601328,交通银行,2012-09-30,445.08亿,15.86%,442.10亿,16.00%,1096.65亿,16.42%,0.7000,4.93,1.51,0.95,0.69,40.66%,11.19%,12.15%,False,False,False,False,False,13.12,92.89%
601328,交通银行,2012-12-31,583.69亿,15.05%,578.74亿,15.25%,1473.37亿,16.05%,0.8800,5.12,1.51,1.05,1.03,39.69%,18.43%,15.36%,False,False,False,False,False,12.88,92.77%
601328,交通银行,2013-03-31,177.06亿,11.52%,176.71亿,11.32%,421.87亿,15.53%,0.2400,5.37,1.53,1.29,0.16,42.07%,4.56%,4.44%,False,False,False,False,False,13.14,92.90%
601328,交通银行,2013-06-30,348.27亿,12.02%,347.82亿,12.66%,848.12亿,15.17%,0.4700,5.34,1.52,0.63,0.89,41.17%,8.77%,8.79%,False,False,False,False,False,13.42,93.04%
601328,交通银行,2013-09-30,487.06亿,9.43%,485.41亿,9.80%,1242.22亿,13.27%,0.6600,5.50,1.50,0.81,1.55,39.32%,12.23%,11.92%,False,False,False,False,False,13.11,92.88%
601328,交通银行,2013-12-31,622.95亿,6.73%,620.12亿,7.15%,1644.35亿,11.60%,0.8400,5.65,1.46,0.91,1.87,37.99%,15.49%,14.85%,False,False,False,False,False,13.20,92.93%
601328,交通银行,2014-03-31,186.90亿,5.56%,185.99亿,5.25%,447.28亿,6.02%,0.2500,5.92,1.48,1.16,-0.83,41.94%,4.36%,4.25%,False,False,False,False,False,12.59,92.61%
601328,交通银行,2014-06-30,367.73亿,5.59%,365.49亿,5.08%,904.23亿,6.62%,0.5000,5.93,1.51,0.67,-0.14,40.80%,8.39%,8.35%,False,False,False,False,False,13.26,92.96%
601328,交通银行,2014-09-30,515.22亿,5.78%,512.07亿,5.49%,1351.69亿,8.81%,0.6900,6.14,1.51,0.87,-0.10,38.24%,11.69%,11.30%,False,False,False,False,False,12.63,92.63%
601328,交通银行,2014-12-31,658.50亿,5.71%,652.02亿,5.14%,1774.01亿,7.89%,0.8900,6.34,1.53,0.97,0.67,37.22%,14.87%,13.98%,False,False,False,False,False,12.30,92.44%
601328,交通银行,2015-03-31,189.70亿,1.50%,188.19亿,1.18%,494.05亿,10.46%,0.2600,6.60,1.53,1.22,1.04,38.56%,3.95%,3.87%,False,False,False,False,False,12.52,92.56%
601328,交通银行,2015-06-30,373.24亿,1.50%,370.67亿,1.42%,967.22亿,6.97%,0.5000,6.58,1.53,0.69,4.79,38.78%,7.62%,7.64%,False,False,False,False,False,13.57,93.09%
601328,交通银行,2015-09-30,520.40亿,1.01%,516.13亿,0.79%,1464.13亿,8.32%,0.7000,6.79,1.53,0.89,4.08,35.72%,10.61%,10.03%,False,False,False,False,False,12.88,92.76%
601328,交通银行,2015-12-31,665.28亿,1.03%,660.65亿,1.32%,1938.28亿,9.26%,0.9000,7.00,1.53,0.98,5.11,34.48%,13.46%,12.44%,False,False,False,False,False,12.37,92.48%
601328,交通银行,2016-03-31,190.66亿,0.51%,189.92亿,0.92%,560.33亿,13.42%,0.2600,7.25,1.53,1.24,-0.27,34.32%,3.60%,3.44%,False,False,False,False,False,12.37,92.48%
601328,交通银行,2016-06-30,376.61亿,0.90%,375.08亿,1.19%,1033.39亿,6.84%,0.5000,7.24,1.53,1.05,3.04,36.70%,6.91%,6.82%,False,False,False,False,False,13.39,93.02%
601328,交通银行,2016-09-30,525.78亿,1.03%,521.33亿,1.01%,1473.01亿,0.61%,0.7000,7.49,1.53,1.25,1.91,35.92%,9.63%,8.54%,False,False,False,False,False,12.13,92.35%
601328,交通银行,2016-12-31,672.10亿,1.03%,666.50亿,0.89%,1931.94亿,-0.36%,0.8900,7.67,1.53,1.36,6.53,35.03%,12.22%,10.68%,False,False,False,False,False,12.35,92.47%
601328,交通银行,2017-03-31,193.23亿,1.35%,192.62亿,1.42%,549.12亿,-2.05%,0.2600,7.93,1.53,1.61,0.64,35.44%,3.03%,2.98%,False,False,False,False,False,12.46,92.53%
601328,交通银行,2017-06-30,389.75亿,3.49%,388.28亿,3.52%,1037.07亿,0.34%,0.4900,7.86,1.53,1.35,0.62,37.83%,6.40%,6.06%,False,False,False,False,False,12.88,92.74%
601328,交通银行,2017-09-30,544.19亿,3.50%,539.86亿,3.55%,1497.90亿,1.64%,0.7000,8.06,1.53,1.56,0.39,36.60%,8.91%,8.27%,False,False,False,False,False,12.57,92.57%
601328,交通银行,2017-12-31,702.23亿,4.48%,694.85亿,4.25%,1960.11亿,1.46%,0.9100,8.23,1.53,1.68,0.14,36.06%,11.40%,10.46%,False,False,False,False,False,12.46,92.52%
601328,交通银行,2018-03-31,200.91亿,3.97%,200.07亿,3.87%,490.99亿,-10.59%,0.2700,8.13,1.53,1.56,0.19,41.21%,3.23%,3.03%,False,False,False,False,False,12.96,92.79%
601328,交通银行,2018-06-30,407.71亿,4.61%,406.52亿,4.70%,1018.65亿,-1.78%,0.5100,8.13,1.53,1.40,1.03,40.24%,6.26%,6.14%,False,False,False,False,False,13.04,92.81%
601328,交通银行,2018-09-30,573.04亿,5.30%,570.17亿,5.61%,1578.32亿,5.37%,0.7400,8.38,1.53,1.62,1.70,36.54%,8.77%,8.40%,False,False,False,False,False,12.75,92.66%
601328,交通银行,2018-12-31,736.30亿,4.85%,732.81亿,5.46%,2126.54亿,8.49%,0.9600,8.60,1.53,1.74,1.67,34.88%,11.17%,10.54%,False,False,False,False,False,12.64,92.60%
601328,交通银行,2019-03-31,210.71亿,4.88%,209.22亿,4.57%,621.00亿,26.48%,0.2800,8.87,1.53,2.01,-0.10,34.38%,3.25%,2.93%,False,False,False,False,False,12.61,92.58%
601328,交通银行,2019-06-30,427.49亿,4.85%,426.00亿,4.79%,1181.80亿,16.02%,0.5400,8.84,1.53,1.93,0.04,36.51%,6.29%,5.97%,False,False,False,False,False,12.79,92.68%
601328,交通银行,2019-09-30,601.47亿,4.96%,599.51亿,5.15%,1762.93亿,11.70%,0.7700,9.10,1.53,2.16,0.86,34.45%,8.81%,7.76%,False,False,False,False,False,11.80,92.12%
601328,交通银行,2019-12-31,772.81亿,4.96%,766.19亿,4.56%,2324.72亿,9.32%,1.0000,9.34,1.53,2.39,-1.11,33.58%,11.20%,9.74%,False,False,False,False,False,11.48,91.91%
601328,交通银行,2020-03-31,214.51亿,1.80%,212.90亿,1.76%,650.03亿,4.67%,0.2500,9.57,1.53,2.64,1.92,33.14%,2.96%,2.65%,False,False,False,False,False,11.89,92.14%
601328,交通银行,2020-06-30,365.05亿,-14.61%,361.03亿,-15.25%,1267.87亿,7.28%,0.4600,9.46,1.53,2.37,1.61,29.18%,4.95%,4.55%,False,False,False,False,False,12.28,92.37%
601328,交通银行,2020-09-30,527.12亿,-12.36%,522.83亿,-12.79%,1853.94亿,5.16%,0.6500,9.56,1.50,2.56,2.48,28.84%,6.99%,6.39%,False,False,False,False,False,12.07,92.25%
601328,交通银行,2020-12-31,782.74亿,1.28%,773.95亿,1.01%,2462.00亿,5.91%,0.9900,9.87,1.50,2.89,2.01,32.32%,10.35%,9.03%,False,False,False,False,False,11.33,91.79%
601328,交通银行,2021-03-31,219.46亿,2.31%,219.24亿,2.98%,683.44亿,5.14%,0.3000,10.19,1.50,3.18,-1.11,32.65%,2.95%,2.47%,False,False,False,False,False,11.54,91.93%
601328,交通银行,2021-06-30,420.19亿,15.10%,417.46亿,15.63%,1338.95亿,5.61%,0.5400,10.08,1.50,2.93,-1.52,32.02%,5.47%,4.55%,False,False,False,False,False,11.34,91.80%
601328,交通银行,2021-09-30,643.60亿,22.10%,640.73亿,22.55%,1999.70亿,7.86%,0.8000,10.36,1.50,3.18,-1.83,32.75%,8.04%,6.82%,False,False,False,False,False,11.14,91.66%
601328,交通银行,2021-12-31,875.81亿,11.89%,869.91亿,12.40%,2693.90亿,9.42%,1.1000,10.64,1.50,3.48,-0.47,33.02%,10.76%,9.08%,False,False,False,False,False,11.08,91.62%
601328,交通银行,2022-03-31,233.20亿,6.26%,232.48亿,6.04%,635.78亿,7.70%,0.3100,10.90,1.50,3.78,1.37,31.71%,2.92%,2.37%,False,False,False,False,False,11.51,91.91%
601328,交通银行,2022-06-30,440.52亿,4.84%,439.09亿,5.18%,1309.12亿,7.09%,0.5500,10.80,1.50,3.38,1.20,30.78%,5.23%,4.51%,False,False,False,False,False,11.87,92.14%
601328,交通银行,2022-09-30,678.90亿,5.48%,674.39亿,5.25%,1956.35亿,5.05%,0.8300,11.11,1.50,3.66,1.20,32.38%,7.76%,6.79%,False,False,False,False,False,11.68,92.02%
601328,交通银行,2022-12-31,921.02亿,5.16%,910.68亿,4.69%,2567.96亿,1.33%,1.1400,11.43,1.50,3.95,4.96,33.71%,10.35%,9.00%,False,False,False,False,False,11.68,92.03%
601328,交通银行,2023-03-31,246.33亿,5.63%,244.45亿,5.15%,670.79亿,5.51%,0.3300,11.73,1.50,4.27,1.79,37.20%,2.87%,2.36%,False,False,False,False,False,12.04,92.25%
601328,交通银行,2023-06-30,460.39亿,4.51%,456.68亿,4.01%,1371.55亿,4.77%,0.5700,11.69,1.50,3.85,-0.07,33.95%,5.08%,4.41%,False,False,False,False,False,12.23,92.36%
601328,交通银行,2023-09-30,691.66亿,1.88%,686.70亿,1.83%,1988.89亿,1.66%,0.8400,11.94,1.50,4.12,0.11,35.03%,7.37%,6.52%,False,False,False,False,False,12.02,92.24%
601328,交通银行,2023-12-31,927.28亿,0.68%,918.26亿,0.83%,2575.95亿,0.31%,1.1500,12.30,1.50,4.40,1.85,36.20%,9.68%,8.52%,False,False,False,False,False,11.91,92.18%
601328,交通银行,2024-03-31,249.88亿,1.44%,248.74亿,1.75%,670.59亿,-0.03%,0.3400,12.65,1.50,4.74,-1.69,37.66%,2.70%,2.24%,False,False,False,False,False,11.76,92.09%
601328,交通银行,2024-06-30,452.87亿,-1.63%,451.12亿,-1.22%,1323.47亿,-3.51%,0.5600,12.56,1.50,4.30,-3.00,34.62%,4.65%,4.09%,False,False,False,False,False,11.79,92.11%
601328,交通银行,2024-09-30,686.90亿,-0.69%,681.59亿,-0.74%,1961.23亿,-1.39%,0.8400,12.83,1.50,4.57,-1.56,35.39%,6.80%,6.09%,False,False,False,False,False,11.93,92.19%
601328,交通银行,2024-12-31,935.86亿,0.93%,927.26亿,0.98%,2598.26亿,0.87%,1.1600,13.06,1.50,4.69,-0.77,36.27%,9.08%,8.18%,False,False,False,False,False,12.01,92.24%
601328,交通银行,2025-03-31,253.72亿,1.54%,252.85亿,1.65%,663.74亿,-1.02%,0.3400,13.35,1.50,5.03,1.50,38.60%,2.59%,2.18%,False,False,False,False,False,12.10,92.30%
601328,交通银行,2025-06-30,460.16亿,1.61%,459.02亿,1.75%,1333.68亿,0.77%,0.5900,12.67,2.46,4.03,0.61,34.83%,4.58%,3.56%,False,False,False,False,False,10.92,91.55%
601328,交通银行,2025-09-30,699.94亿,1.90%,695.72亿,2.07%,1996.45亿,1.80%,0.8000,12.85,2.46,4.25,1.49,35.52%,6.36%,5.47%,False,False,False,False,False,11.10,91.67%
601328,交通银行,2025-12-31,956.22亿,2.18%,952.82亿,2.76%,2650.71亿,2.02%,1.0800,12.93,2.44,4.36,1.50,36.41%,8.38%,7.53%,False,False,False,False,False,11.24,91.77%
601328,交通银行,2026-03-31,261.62亿,3.11%,260.98亿,3.22%,696.18亿,4.89%,0.3000,13.18,2.44,4.66,1.35,37.90%,2.27%,2.03%,False,False,False,False,False,11.60,92.00%
